,seed,HV,time,nds,RF_train_acc,SVC_train_acc,MLP_train_acc,RF_test_acc,SVC_test_acc,MLP_test_acc,RF_val_acc,SVC_val_acc,MLP_val_acc,RF_c_features,SVC_c_features,MLP_c_features,c_min,c_max,f2_min,f2_max
0,2025,0.4291773012484546,1219.7624979019165,6,1.0,0.9473684210526315,0.9736842105263158,0.8235294117647058,0.8235294117647058,0.8823529411764706,0.9347222222222222,0.8277777777777777,0.9722222222222222,2356,2356,2356,2356,2361,-0.6410237472334557,-0.6404654993275087
