algorithm,problem,n,m,k,L,U,gs_best_score,best_options
AE1,1,100,10,1,0,10,-218.29369654570073,"{'p_c': 0.8, 'p_m': 0.01}"
AE1,2,150,15,1,0,10,-432.6432751884836,"{'p_c': 0.8, 'p_m': 0.01}"
AE1,3,200,20,1,0,10,-746.0087351677433,"{'p_c': 0.7, 'p_m': 0.01}"
AE2,1,100,10,1,0,10,-241.22057580933696,"{'p_c': 0.8, 'p_m': 0.01}"
AE2,2,150,15,1,0,10,-536.7344870148195,"{'p_c': 0.8, 'p_m': 0.01}"
AE2,3,200,20,1,0,10,-958.873509024797,"{'p_c': 0.8, 'p_m': 0.01}"
